Gen,C,g1_1,g1_2,g2_1,g2_2,Offset,f1_mean_timeloss_s_per_veh,f2_co2_kg_per_veh,Rank,CrowdingDistance,Scenario,HV_gen
2,90,56,26,16,66,8,85.25555555555556,0.43354664169993573,0,inf,S1,1.2100000000000002
2,96,26,62,19,69,90,121.83333333333334,0.5209439790665565,1,inf,S1,1.2100000000000002
2,70,15,47,47,15,9,141.38888888888889,0.5607788720332342,2,inf,S1,1.2100000000000002
2,72,49,15,19,45,49,162.74074074074073,0.6232556198998691,-1,0.0,S1,1.2100000000000002
2,87,62,17,64,15,13,157.8296296296296,0.5600664665332024,-1,0.0,S1,1.2100000000000002
2,79,56,15,56,15,23,161.4777777777778,0.5679666963665346,-1,0.0,S1,1.2100000000000002
2,88,65,15,15,65,84,215.81851851851852,0.7253526423998115,-1,0.0,S1,1.2100000000000002
2,79,15,56,56,15,58,224.46296296296296,0.6966725668998089,-1,0.0,S1,1.2100000000000002
3,89,26,55,15,66,9,45.75185185185185,0.319457874499963,0,inf,S1,0.0
3,89,19,62,15,66,0,57.48518518518518,0.3490983772332915,1,inf,S1,0.0
3,96,56,32,16,72,8,62.94814814814815,0.36610295306661766,2,inf,S1,0.0
3,90,56,26,16,66,8,85.25555555555556,0.43354664169993573,3,inf,S1,0.0
3,96,56,32,23,65,88,114.5962962962963,0.5185962183665651,4,inf,S1,0.0
3,96,26,62,19,69,90,121.83333333333334,0.5209439790665565,5,inf,S1,0.0
3,70,15,47,47,15,9,141.38888888888889,0.5607788720332342,6,inf,S1,0.0
3,72,49,15,23,41,49,148.79259259259257,0.5897040771332143,7,inf,S1,0.0
