Gen_thuc,HV_S1,HV_S2,HV_S3
1,0.9014632191093559,1.0355735133765138,0.6685997784891142
2,1.0510169761972994,1.0355735133765138,0.7055774042026597
3,1.0510169761972994,1.0508818862706129,0.7437770483689069
4,1.0740894437408055,1.0508818862706129,0.7452898404380649
5,1.0864824859893807,1.0656825566472612,0.7519013154315802
6,1.105086213132614,1.0835525956296554,0.7891896471819525
7,1.1062699638139377,1.0835525956296554,0.7943798029773297
8,1.107993009544654,1.092522134830478,0.8029639574052615
9,1.1097989692467334,1.1011494074871895,0.8132337591731457
10,1.1170153133236382,1.110897610313556,0.8216349242692871
11,1.1211238971668263,1.110897610313556,0.822482808200244
12,1.121132738782237,1.1109478563028308,0.8233294776743187
13,1.1212220246976863,1.1128283221216548,0.8242222014864307
14,1.1212220246976863,1.1128283221216548,0.8305260474373405
15,1.1212220246976863,1.1128283221216548,0.8385047340516253
16,,,0.8398504715929352
17,,,0.8398504715929352
18,,,0.8434190863248164
19,,,0.8434297668596544
20,,,0.847306425937774
21,,,0.8496023503814394
22,,,0.8496023503814394
23,,,0.8496023503814394
24,,,0.8583653344751679
25,,,0.8587750478105839
26,,,0.8588328889455674
27,,,0.8588894828688481
28,,,0.8588894828688481
29,,,0.8588894828688481
