Gen,C,g1_1,g1_2,g2_1,g2_2,Offset,f1_mean_timeloss_s_per_veh,f2_co2_kg_per_veh,Rank,CrowdingDistance,Scenario,Gen_real
30,76,16,52,15,53,0,19.485185185185184,0.3068526313166587,0,inf,S3,29
30,75,16,51,15,52,0,20.655555555555555,0.3059519448666579,0,0.1046958133196416,S3,29
30,67,15,44,16,43,0,21.268518518518515,0.2985159337833259,0,0.1017419830295948,S3,29
30,62,15,39,15,39,0,21.96851851851852,0.2971755398833227,0,0.0272852100702989,S3,29
30,63,15,40,15,40,1,22.11111111111111,0.2969503419333242,0,0.0257644527523944,S3,29
30,64,15,41,15,41,0,22.25555555555556,0.2948800386333239,0,0.0414042575995929,S3,29
30,63,16,39,15,40,0,23.024074074074075,0.2917700363333226,0,0.0883954753144268,S3,29
30,60,16,36,15,37,2,23.853703703703705,0.2858621692166572,0,0.1551644866347442,S3,29
30,60,17,35,17,35,0,23.91111111111111,0.2765932981333206,0,0.5801578586804839,S3,29
30,60,32,20,31,21,1,44.72222222222222,0.2573176054666362,0,0.5241825699661155,S3,29
30,61,33,20,32,21,1,46.22592592592592,0.2563616581666391,0,0.1235372640335249,S3,29
30,60,35,17,34,18,0,51.55185185185185,0.2550729531666328,0,0.1265463092829127,S3,29
30,60,35,17,36,16,0,52.78148148148148,0.253354689149964,0,inf,S3,29
