Gen,C,g1_1,g1_2,g2_1,g2_2,Offset,f1_mean_timeloss_s_per_veh,f2_co2_kg_per_veh,Rank,CrowdingDistance,Scenario
2,65,17,40,15,42,2,11.270000000000001,0.23322514487999357,0,inf,S2
2,86,21,57,15,63,15,17.153333333333332,0.2514847631099907,1,inf,S2
2,83,31,44,20,55,19,24.393333333333334,0.2791620521099816,2,inf,S2
2,84,40,36,36,40,8,37.333333333333336,0.3273627578699741,3,inf,S2
2,106,20,78,23,75,64,53.72666666666667,0.35949673187995523,4,inf,S2
2,99,55,36,17,74,17,67.95666666666666,0.3918046618499525,5,inf,S2
2,102,37,57,28,66,59,68.14666666666666,0.39471556034994865,6,inf,S2
2,97,34,55,24,65,63,75.14666666666668,0.4104077930999432,7,inf,S2
2,114,23,83,64,42,4,85.22000000000001,0.4298762208599331,8,inf,S2
2,73,17,48,16,49,56,83.97666666666667,0.4390070304899349,8,inf,S2
2,74,42,24,31,35,19,88.49000000000001,0.44234909456993193,9,inf,S2
2,117,67,42,22,87,43,89.24666666666667,0.44153142731993233,9,inf,S2
2,103,64,31,21,74,23,97.69,0.4510520060099291,10,inf,S2
2,74,44,22,37,29,32,111.84,0.4703695450199146,11,inf,S2
2,74,15,51,41,25,7,101.22333333333333,0.48367273400993416,11,inf,S2
2,92,37,47,48,36,19,103.23,0.4858657314599189,12,inf,S2
2,60,37,15,15,37,32,105.18,0.4841031205199329,12,1.0,S2
2,95,29,58,39,48,47,109.26666666666667,0.4840282586399189,12,inf,S2
2,90,51,31,18,64,83,108.95666666666668,0.5039295806999002,13,inf,S2
2,64,15,41,15,41,55,109.23,0.49213712738991267,13,1.0,S2
2,64,41,15,15,41,19,111.68333333333334,0.4906903376099335,13,inf,S2
2,63,15,40,33,22,14,110.85333333333332,0.5032769079299261,14,inf,S2
2,88,56,24,22,58,63,120.65666666666667,0.5107585503299039,15,inf,S2
2,95,17,70,37,50,63,128.16666666666669,0.5148886823398914,16,inf,S2
2,89,29,52,55,26,6,128.33666666666667,0.5183503641599038,17,inf,S2
2,119,60,51,35,76,89,128.48,0.542938724759888,18,inf,S2
2,68,45,15,40,20,23,110.75666666666667,0.4385418486299189,-1,0.0,S2
2,70,15,47,47,15,3,146.48,0.552700771049894,-1,0.0,S2
2,60,37,15,25,27,56,120.01666666666667,0.47253877184990234,-1,0.0,S2
2,67,44,15,36,23,43,114.60666666666667,0.4493421298499128,-1,0.0,S2
2,116,72,36,76,32,2,135.75333333333333,0.5333192670898814,-1,0.0,S2
2,69,26,35,36,25,37,143.73666666666665,0.5457307578898816,-1,0.0,S2
2,99,33,58,45,46,61,141.61,0.5432562549298766,-1,0.0,S2
2,83,22,53,53,22,11,149.73333333333335,0.5611161593398879,-1,0.0,S2
2,117,47,62,66,43,53,149.26666666666668,0.557344816529862,-1,0.0,S2
2,107,72,27,15,84,82,163.28666666666666,0.6003060436798576,-1,0.0,S2
2,117,50,59,54,55,77,153.23999999999998,0.5645384159998641,-1,0.0,S2
2,113,79,26,19,86,93,164.28666666666666,0.5874000612898537,-1,0.0,S2
2,97,71,18,43,46,69,148.38333333333335,0.5306179060198782,-1,0.0,S2
2,92,69,15,22,62,7,152.88000000000002,0.5302229954698846,-1,0.0,S2
2,77,54,15,54,15,16,130.8,0.4587586822198981,-1,0.0,S2
2,120,57,55,74,38,46,161.87333333333333,0.57406031396985,-1,0.0,S2
2,81,15,58,43,30,48,160.02333333333334,0.5645475877198715,-1,0.0,S2
2,64,41,15,41,15,37,147.09666666666666,0.5098754757298883,-1,0.0,S2
2,93,70,15,18,67,15,161.24333333333334,0.5494793204998752,-1,0.0,S2
2,85,62,15,15,62,54,172.70666666666668,0.5893075567798571,-1,0.0,S2
2,67,44,15,44,15,41,140.19666666666666,0.48367584353988774,-1,0.0,S2
2,78,15,55,55,15,15,173.42,0.5804659187698678,-1,0.0,S2
2,108,79,21,15,85,72,182.35999999999999,0.6208959683698375,-1,0.0,S2
2,113,39,66,78,27,17,168.0066666666667,0.5723249459698655,-1,0.0,S2
2,102,79,15,44,50,73,169.47333333333333,0.5671917026098527,-1,0.0,S2
2,68,45,15,45,15,48,149.80333333333334,0.4970807573998751,-1,0.0,S2
2,87,15,64,64,15,15,185.84666666666666,0.6017398318198469,-1,0.0,S2
2,65,22,35,42,15,39,182.14666666666668,0.5919595107898429,-1,0.0,S2
2,115,89,18,82,25,55,131.52333333333334,0.441021252929883,-1,0.0,S2
2,84,21,55,49,27,60,180.50000000000003,0.595369868639849,-1,0.0,S2
2,66,15,43,43,15,40,188.66,0.6028229973898367,-1,0.0,S2
2,81,58,15,58,15,52,152.29,0.4869978583198766,-1,0.0,S2
2,118,66,44,90,20,48,200.6266666666667,0.615535145339816,-1,0.0,S2
2,102,70,24,73,21,101,192.38333333333333,0.5779811989498319,-1,0.0,S2
3,65,17,40,15,42,2,11.270000000000001,0.23322514487999357,0,inf,S2
3,64,17,39,15,41,2,11.496666666666668,0.23676330086999434,1,inf,S2
3,85,15,62,15,62,15,15.623333333333333,0.242560086779991,2,inf,S2
3,86,21,57,15,63,15,17.153333333333332,0.2514847631099907,3,inf,S2
3,86,21,57,15,63,14,19.459999999999997,0.2564821398599886,4,inf,S2
3,72,24,40,15,49,14,19.166666666666668,0.25936000625998806,4,inf,S2
3,87,22,57,16,63,15,19.566666666666666,0.2596456208699892,5,inf,S2
3,83,31,44,20,55,19,24.393333333333334,0.2791620521099816,6,inf,S2
3,95,31,56,20,67,19,26.10666666666667,0.2799137657399821,7,inf,S2
3,65,17,40,15,42,30,29.573333333333338,0.2910486352499797,8,inf,S2
3,73,30,35,20,45,19,28.39666666666667,0.2970775225499849,8,inf,S2
3,84,40,36,36,40,8,37.333333333333336,0.3273627578699741,9,inf,S2
3,106,20,78,23,75,64,53.72666666666667,0.35949673187995523,10,inf,S2
3,65,17,40,15,42,40,54.64,0.3590386290599603,10,inf,S2
3,106,20,78,22,76,65,55.20666666666666,0.3617527865699549,11,inf,S2
3,83,24,51,41,34,6,55.53333333333334,0.3669273199799654,12,inf,S2
3,89,50,31,16,65,0,59.78666666666666,0.3713161712399592,13,inf,S2
3,120,57,55,40,72,46,65.09,0.3869346610799485,14,inf,S2
3,99,55,36,17,74,17,67.95666666666666,0.3918046618499525,15,inf,S2
3,115,57,50,17,90,42,65.67666666666666,0.39613887191995123,15,inf,S2
3,102,37,57,28,66,59,68.14666666666666,0.39471556034994865,16,inf,S2
3,104,37,59,30,66,59,71.76666666666667,0.4019380390199434,17,inf,S2
3,97,34,55,24,65,63,75.14666666666668,0.4104077930999432,18,inf,S2
3,106,63,35,23,75,8,78.98333333333333,0.40441747622994406,18,inf,S2
3,97,43,46,24,65,63,77.69333333333334,0.4174681746599394,19,inf,S2
3,114,23,83,64,42,4,85.22000000000001,0.4298762208599331,20,1.0,S2
3,73,15,50,15,50,56,80.46333333333334,0.43131128228993826,20,inf,S2
3,67,43,16,44,15,2,101.06333333333333,0.42725162498993297,20,inf,S2
3,114,22,84,64,42,4,85.45666666666666,0.43003790399993286,21,inf,S2
3,73,17,48,16,49,56,83.97666666666667,0.4390070304899349,21,inf,S2
3,74,42,24,30,36,19,85.23666666666668,0.4346952316499365,21,1.0,S2
3,74,42,24,31,35,19,88.49000000000001,0.44234909456993193,22,inf,S2
3,117,67,42,22,87,43,89.24666666666667,0.44153142731993233,22,inf,S2
3,71,42,21,28,35,19,89.74333333333334,0.4471672596899366,23,inf,S2
3,103,64,31,21,74,23,97.69,0.4510520060099291,24,inf,S2
3,65,17,40,15,42,54,96.03,0.4628660393399202,24,1.0,S2
3,74,15,51,40,26,7,95.01333333333334,0.4691174884499363,24,inf,S2
3,60,37,15,26,26,54,112.62333333333333,0.45268748783991225,25,inf,S2
3,74,44,22,37,29,32,111.84,0.4703695450199146,25,0.6966374334118796,S2
3,74,15,51,41,25,7,101.22333333333333,0.48367273400993416,25,inf,S2
3,117,41,68,69,40,8,103.95333333333333,0.47914534259991987,25,0.30336256658812044,S2
3,62,39,15,15,39,19,104.73666666666666,0.47442246062993576,25,0.4875189526531852,S2
3,92,37,47,48,36,19,103.23,0.4858657314599189,26,inf,S2
3,60,37,15,15,37,32,105.18,0.4841031205199329,26,1.0,S2
3,62,39,15,18,36,19,107.06666666666666,0.48267678596993235,26,inf,S2
3,114,57,49,64,42,4,105.44666666666666,0.5024501105399125,27,inf,S2
3,95,29,58,39,48,47,109.26666666666667,0.4840282586399189,27,inf,S2
3,69,16,45,24,37,46,108.64666666666668,0.4910706408899127,27,1.0,S2
3,64,41,15,15,41,19,111.68333333333334,0.4906903376099335,28,0.5818614262598076,S2
3,113,79,26,18,87,1,123.72000000000001,0.4895091972298982,28,inf,S2
3,90,51,31,18,64,83,108.95666666666668,0.5039295806999002,28,inf,S2
3,64,15,41,15,41,55,109.23,0.49213712738991267,28,0.5513920541977247,S2
3,63,15,40,33,22,14,110.85333333333332,0.5032769079299261,29,inf,S2
3,64,41,15,15,41,19,111.87333333333333,0.4929770198099292,29,inf,S2
3,63,17,38,15,40,56,113.8,0.4991145328199073,30,inf,S2
3,88,56,24,22,58,63,120.65666666666667,0.5107585503299039,31,inf,S2
3,119,59,52,37,74,82,118.96333333333334,0.5212849974598981,31,inf,S2
3,95,17,70,37,50,63,128.16666666666669,0.5148886823398914,32,inf,S2
3,89,37,44,17,64,84,119.05666666666667,0.5309249807698928,32,inf,S2
3,88,56,24,21,59,64,127.25333333333333,0.5256145724398993,32,1.0,S2
4,65,17,40,15,42,3,10.606666666666667,0.23100066767999497,0,inf,S2
4,65,17,40,15,42,2,11.270000000000001,0.23322514487999357,1,inf,S2
4,64,17,39,15,41,2,11.496666666666668,0.23676330086999434,2,inf,S2
4,85,15,62,15,62,15,15.623333333333333,0.242560086779991,3,inf,S2
4,86,21,57,15,63,15,17.153333333333332,0.2514847631099907,4,inf,S2
4,84,15,61,15,61,14,18.476666666666667,0.2506190232299895,4,inf,S2
4,84,15,61,35,41,2,17.633333333333333,0.25744030280998986,5,inf,S2
4,86,22,56,15,63,15,17.826666666666668,0.2520942372899906,5,inf,S2
4,86,21,57,15,63,14,19.459999999999997,0.2564821398599886,6,inf,S2
4,64,15,41,15,41,15,17.84,0.257572941629991,6,inf,S2
4,87,22,57,15,64,14,19.04,0.25760712656998835,7,inf,S2
4,72,24,40,15,49,14,19.166666666666668,0.25936000625998806,8,inf,S2
4,87,22,57,16,63,15,19.566666666666666,0.2596456208699892,9,inf,S2
4,64,15,41,17,39,14,19.193333333333335,0.2645348456099896,9,inf,S2
4,95,19,68,20,67,23,23.80666666666667,0.2687031779099876,10,inf,S2
4,72,21,43,17,47,19,20.493333333333336,0.273303166079989,10,inf,S2
4,99,15,76,15,76,17,26.78,0.2704686208799796,11,inf,S2
4,83,30,45,20,55,19,23.706666666666667,0.27735231251998343,11,inf,S2
4,99,30,61,20,71,18,24.743333333333336,0.2756990142599835,11,1.0,S2
4,83,31,44,20,55,19,24.393333333333334,0.2791620521099816,12,inf,S2
4,95,31,56,20,67,19,26.10666666666667,0.2799137657399821,13,inf,S2
4,119,40,71,35,76,8,25.703333333333337,0.28498295366998183,13,inf,S2
4,65,17,40,15,42,30,29.573333333333338,0.2910486352499797,14,inf,S2
4,73,30,35,20,45,19,28.39666666666667,0.2970775225499849,14,inf,S2
4,73,32,33,20,45,19,29.833333333333336,0.3035844233099832,15,inf,S2
4,65,22,35,15,42,30,32.343333333333334,0.3039067278899796,16,inf,S2
4,84,40,36,36,40,8,37.333333333333336,0.3273627578699741,17,inf,S2
4,113,22,83,47,58,18,39.42,0.3191360528099713,17,inf,S2
4,96,50,38,23,65,0,45.693333333333335,0.33491506508996705,18,inf,S2
4,92,38,46,43,41,4,41.25333333333333,0.3356465676899714,18,inf,S2
4,64,17,39,15,41,36,47.91,0.3458881965299664,19,inf,S2
4,86,39,39,15,63,39,50.086666666666666,0.35868298385996317,20,inf,S2
4,106,20,78,23,75,64,53.72666666666667,0.35949673187995523,21,inf,S2
4,65,17,40,15,42,40,54.64,0.3590386290599603,21,inf,S2
4,106,20,78,22,76,65,55.20666666666666,0.3617527865699549,22,inf,S2
4,83,24,51,41,34,6,55.53333333333334,0.3669273199799654,23,inf,S2
4,89,50,31,16,65,0,59.78666666666666,0.3713161712399592,24,inf,S2
4,106,17,81,25,73,65,60.95333333333333,0.3785402597999512,25,inf,S2
4,101,15,78,15,78,64,66.2,0.37652179091994886,25,inf,S2
4,65,27,30,15,42,40,62.50666666666667,0.3852584570699561,26,inf,S2
4,120,57,55,40,72,46,65.09,0.3869346610799485,27,inf,S2
4,82,24,50,41,33,6,63.27333333333334,0.38816037629995986,27,inf,S2
4,115,57,50,17,90,42,65.67666666666666,0.39613887191995123,28,inf,S2
4,120,59,53,40,72,46,65.73,0.3909184903499475,28,inf,S2
4,99,55,36,17,74,17,67.95666666666666,0.3918046618499525,29,inf,S2
4,102,37,57,28,66,59,68.14666666666666,0.39471556034994865,30,inf,S2
4,104,37,59,30,66,59,71.76666666666667,0.4019380390199434,31,inf,S2
4,115,69,38,17,90,7,75.07666666666667,0.3959164667399446,31,inf,S2
4,97,34,55,24,65,63,75.14666666666668,0.4104077930999432,32,1.0,S2
4,106,63,35,23,75,8,78.98333333333333,0.40441747622994406,32,inf,S2
4,114,57,49,59,47,4,75.14,0.4330073927999393,32,inf,S2
4,97,43,46,24,65,63,77.69333333333334,0.4174681746599394,33,inf,S2
4,102,63,31,19,75,8,85.56,0.4142375547299367,33,inf,S2
4,73,15,50,15,50,56,80.46333333333334,0.43131128228993826,34,inf,S2
4,113,23,82,64,41,4,84.82000000000001,0.4292742586499311,34,1.0,S2
4,67,43,16,44,15,2,101.06333333333333,0.42725162498993297,34,inf,S2
4,73,17,48,16,49,56,83.97666666666667,0.4390070304899349,35,inf,S2
4,114,23,83,64,42,4,85.22000000000001,0.4298762208599331,35,inf,S2
4,114,22,84,64,42,4,85.45666666666666,0.43003790399993286,36,inf,S2
4,74,42,24,30,36,19,85.23666666666668,0.4346952316499365,36,inf,S2
5,65,17,40,15,42,3,10.606666666666667,0.23100066767999497,0,inf,S2
5,65,17,40,15,42,2,11.270000000000001,0.23322514487999357,1,inf,S2
5,83,15,60,15,60,3,13.066666666666666,0.23314909016999183,1,inf,S2
5,64,16,40,15,41,2,11.313333333333334,0.23585592977999265,2,inf,S2
5,64,17,39,15,41,2,11.496666666666668,0.23676330086999434,3,inf,S2
5,66,15,43,19,39,2,12.330000000000002,0.2390886591899919,4,1.0,S2
5,86,21,57,15,63,7,11.783333333333333,0.23935695821999264,4,inf,S2
5,94,18,68,20,66,1,13.606666666666667,0.2373480139799915,4,inf,S2
5,64,15,41,15,41,1,12.336666666666666,0.24161056721999458,5,inf,S2
5,85,15,62,15,62,15,15.623333333333333,0.242560086779991,6,inf,S2
5,65,17,40,23,34,1,14.026666666666667,0.2478337472099923,6,inf,S2
5,85,16,61,15,62,15,16.076666666666668,0.2439737639099894,7,1.0,S2
5,83,24,51,17,58,6,15.836666666666666,0.24736227671998895,7,inf,S2
5,85,15,62,15,62,14,16.106666666666666,0.24396978326999044,7,inf,S2
5,73,15,50,15,50,13,16.516666666666666,0.24585073451999048,8,inf,S2
5,82,15,59,33,41,2,16.36,0.2531733044999904,8,inf,S2
5,86,21,57,15,63,15,17.153333333333332,0.2514847631099907,9,inf,S2
5,84,15,61,15,61,15,17.740000000000002,0.2506766715299904,9,1.0,S2
5,83,15,60,15,60,14,17.890000000000004,0.24920157146998842,9,inf,S2
5,84,15,61,35,41,2,17.633333333333333,0.25744030280998986,10,inf,S2
5,86,22,56,15,63,15,17.826666666666668,0.2520942372899906,10,1.0,S2
5,84,15,61,15,61,14,18.476666666666667,0.2506190232299895,10,inf,S2
5,64,15,41,15,41,15,17.84,0.257572941629991,11,inf,S2
5,106,19,79,23,75,13,19.906666666666666,0.25509880385998995,11,inf,S2
5,87,21,58,15,64,14,18.553333333333335,0.25579554992998926,11,1.0,S2
5,86,21,57,15,63,14,19.459999999999997,0.2564821398599886,12,inf,S2
5,87,22,57,15,64,14,19.04,0.25760712656998835,12,inf,S2
5,72,24,40,15,49,14,19.166666666666668,0.25936000625998806,13,inf,S2
5,82,18,56,20,54,14,20.283333333333335,0.25901333297998724,13,inf,S2
5,87,22,57,16,63,15,19.566666666666666,0.2596456208699892,14,inf,S2
5,64,15,41,17,39,14,19.193333333333335,0.2645348456099896,14,inf,S2
5,83,17,58,34,41,6,21.036666666666665,0.26713121270998785,15,inf,S2
5,84,25,51,35,41,6,20.046666666666667,0.2704585286399889,15,inf,S2
5,95,19,68,20,67,23,23.80666666666667,0.2687031779099876,16,inf,S2
5,72,21,43,17,47,19,20.493333333333336,0.273303166079989,16,inf,S2
5,64,19,37,17,39,14,21.14,0.2708539680899884,16,0.5506230433545074,S2
5,83,30,45,20,55,16,22.303333333333335,0.27075031790998466,16,0.6361966294525776,S2
5,99,15,76,15,76,17,26.78,0.2704686208799796,17,inf,S2
5,83,30,45,20,55,19,23.706666666666667,0.27735231251998343,17,0.6283606052577946,S2
5,99,22,69,28,63,15,24.386666666666667,0.2717075975099862,17,0.7195589481829306,S2
5,72,23,41,20,44,19,22.98,0.2813891185199892,17,inf,S2
5,82,34,40,15,59,14,24.0,0.2800583671499847,18,inf,S2
5,99,30,61,20,71,18,24.743333333333336,0.2756990142599835,18,0.5948663842505595,S2
5,83,31,44,20,55,19,24.393333333333334,0.2791620521099816,18,0.313895992455678,S2
5,113,39,66,29,76,8,24.506666666666668,0.2764524234599847,18,0.2808650679582333,S2
5,99,16,75,15,76,17,27.316666666666666,0.27246735686998025,18,inf,S2
5,92,15,69,15,69,17,26.94666666666667,0.27300569201997854,18,0.600800521413212,S2
5,65,15,42,19,38,19,24.023333333333333,0.28129441652998294,19,inf,S2
5,95,31,56,20,67,19,26.10666666666667,0.2799137657399821,19,inf,S2
5,87,31,48,24,55,18,24.78333333333333,0.28188089375998276,20,inf,S2
5,119,40,71,35,76,8,25.703333333333337,0.28498295366998183,21,inf,S2
5,84,15,61,31,45,14,26.256666666666668,0.2821738650899832,21,inf,S2
5,86,39,39,15,63,14,25.946666666666665,0.28689196580998255,22,inf,S2
5,100,31,61,27,65,18,27.573333333333334,0.2862587219999826,22,inf,S2
5,82,36,38,22,52,0,26.213333333333335,0.28920945959998423,23,inf,S2
5,65,17,40,15,42,30,29.573333333333338,0.2910486352499797,24,inf,S2
5,73,30,35,20,45,19,28.39666666666667,0.2970775225499849,24,inf,S2
5,107,15,84,47,52,10,31.42,0.29274230615997754,25,inf,S2
5,119,40,71,35,76,15,29.346666666666668,0.2970949228499799,25,inf,S2
5,96,44,44,20,68,19,31.613333333333333,0.2991795430799788,26,inf,S2
6,65,17,40,15,42,3,10.606666666666667,0.23100066767999497,0,inf,S2
6,83,15,60,15,60,1,11.916666666666668,0.22752642899999365,0,inf,S2
6,65,19,38,15,42,3,10.986666666666666,0.23342351840999392,1,1.0,S2
6,64,15,41,15,41,2,10.896666666666667,0.2340583501499953,1,inf,S2
6,65,15,42,15,42,2,11.1,0.23143270496999332,1,inf,S2
6,65,17,40,15,42,2,11.270000000000001,0.23322514487999357,2,inf,S2
6,85,15,62,15,62,3,12.153333333333334,0.23234454989999284,2,1.0,S2
6,82,15,59,15,59,3,12.576666666666668,0.23181777773999274,2,inf,S2
6,64,16,40,15,41,2,11.313333333333334,0.23585592977999265,3,inf,S2
6,83,15,60,15,60,3,13.066666666666666,0.23314909016999183,3,1.0,S2
6,98,15,75,15,75,1,13.936666666666667,0.23310954716999036,3,inf,S2
6,64,17,39,15,41,2,11.496666666666668,0.23676330086999434,4,inf,S2
6,64,16,40,17,39,2,11.376666666666667,0.2373398013899931,4,inf,S2
6,86,21,57,15,63,7,11.783333333333333,0.23935695821999264,5,0.5113454230238874,S2
6,94,18,68,20,66,1,13.606666666666667,0.2373480139799915,5,inf,S2
6,87,22,57,15,64,6,11.976666666666667,0.2375398913099959,5,0.9515205011504723,S2
6,65,17,40,15,42,1,11.776666666666667,0.23956371896999262,5,inf,S2
6,66,15,43,19,39,2,12.330000000000002,0.2390886591899919,6,inf,S2
6,84,19,57,15,61,2,14.18,0.23851232804999206,6,inf,S2
6,64,15,41,15,41,1,12.336666666666666,0.24161056721999458,7,inf,S2
6,64,15,41,16,40,1,12.45,0.24368377160999388,8,inf,S2
6,65,15,42,20,37,1,12.493333333333332,0.24196591805999362,8,inf,S2
6,85,15,62,15,62,15,15.623333333333333,0.242560086779991,9,inf,S2
6,83,16,59,17,58,6,14.976666666666667,0.24272884127999003,9,0.21424434472616574,S2
6,64,16,40,15,41,1,12.733333333333334,0.24470734088999532,9,inf,S2
6,94,18,68,20,66,2,14.940000000000001,0.2429724479699913,9,0.8488245348418119,S2
6,64,16,40,15,41,6,13.923333333333334,0.24766712339999386,10,0.5148566894144315,S2
6,64,16,40,15,41,0,13.406666666666666,0.24786791678999476,10,inf,S2
6,85,16,61,15,62,15,16.076666666666668,0.2439737639099894,10,0.48514331058556853,S2
6,83,24,51,17,58,6,15.836666666666666,0.24736227671998895,10,0.8724997809930504,S2
6,85,15,62,15,62,14,16.106666666666666,0.24396978326999044,10,inf,S2
6,65,17,40,23,34,1,14.026666666666667,0.2478337472099923,11,inf,S2
6,73,15,50,15,50,13,16.516666666666666,0.24585073451999048,11,inf,S2
6,64,15,41,15,41,7,14.88,0.2502927666599916,12,inf,S2
6,83,15,60,15,60,14,17.890000000000004,0.24920157146998842,12,1.0,S2
6,83,15,60,15,60,15,18.490000000000002,0.24845035664999027,12,inf,S2
6,84,15,61,15,61,15,17.740000000000002,0.2506766715299904,13,0.7190107455839752,S2
6,72,23,41,20,44,2,15.156666666666666,0.25122348815999307,13,inf,S2
6,72,17,47,17,47,13,16.73,0.2511702451199901,13,0.8413708281632317,S2
6,84,15,61,15,61,14,18.476666666666667,0.2506190232299895,13,inf,S2
6,82,15,59,33,41,2,16.36,0.2531733044999904,14,1.0,S2
6,65,17,40,23,34,0,16.27,0.2596525147799906,14,inf,S2
6,86,21,57,15,63,15,17.153333333333332,0.2514847631099907,14,inf,S2
6,84,15,61,35,41,2,17.633333333333333,0.25744030280998986,15,1.0,S2
6,86,22,56,15,63,15,17.826666666666668,0.2520942372899906,15,inf,S2
6,63,15,40,15,40,14,17.436666666666667,0.2607667885799917,15,inf,S2
6,64,15,41,15,41,14,17.776666666666667,0.2587664830199923,16,inf,S2
6,64,15,41,15,41,15,17.84,0.257572941629991,16,0.5928505436415027,S2
6,87,21,58,15,64,14,18.553333333333335,0.25579554992998926,16,0.8541617933075478,S2
6,82,16,58,15,59,15,19.123333333333335,0.2538878505299884,16,inf,S2
6,64,24,32,21,35,1,17.813333333333333,0.2690142330299911,17,inf,S2
6,71,15,48,15,48,15,18.276666666666667,0.25799492726998946,17,0.7028662374704242,S2
6,87,22,57,15,64,14,19.04,0.25760712656998835,17,0.29725548842659255,S2
6,106,19,79,23,75,13,19.906666666666666,0.25509880385998995,17,inf,S2
6,86,21,57,15,63,14,19.459999999999997,0.2564821398599886,17,0.1961373132044062,S2
6,86,20,58,20,58,12,19.400000000000002,0.2571894079799893,17,0.14074074995565508,S2
6,72,15,49,15,49,15,18.87666666666667,0.2596343235899882,18,0.6867925375633913,S2
6,86,38,40,16,62,7,18.39666666666667,0.2690495770199883,18,inf,S2
6,72,24,40,15,49,14,19.166666666666668,0.25936000625998806,18,0.40372892029524593,S2
6,82,18,56,20,54,14,20.283333333333335,0.25901333297998724,18,inf,S2
7,63,15,40,15,40,2,9.469999999999999,0.22790264606999325,0,inf,S2
7,71,16,47,15,48,3,9.576666666666666,0.22576233485999558,0,inf,S2
7,65,17,40,15,42,3,10.606666666666667,0.23100066767999497,1,0.7629528793220504,S2
7,83,15,60,15,60,1,11.916666666666668,0.22752642899999365,1,inf,S2
7,86,16,62,15,63,6,10.58,0.23117662820999305,1,0.2597331632131145,S2
7,63,17,38,15,40,2,10.576666666666666,0.23443453904999176,1,inf,S2
7,83,15,60,15,60,0,12.486666666666668,0.22988945732999255,2,inf,S2
7,65,19,38,15,42,3,10.986666666666666,0.23342351840999392,2,0.3788504727251791,S2
7,64,15,41,15,41,2,10.896666666666667,0.2340583501499953,2,inf,S2
7,65,15,42,15,42,2,11.1,0.23143270496999332,2,0.8955589837778596,S2
7,98,15,75,15,75,0,13.216666666666669,0.23078270846999202,3,inf,S2
7,65,17,40,15,42,2,11.270000000000001,0.23322514487999357,3,0.5968869575674193,S2
7,64,17,39,16,40,3,11.193333333333333,0.2344879734899934,3,inf,S2
7,83,15,60,16,59,3,12.143333333333333,0.2317149188699937,3,0.5940933880483961,S2
7,95,15,72,15,72,3,12.809999999999999,0.23164275026999348,3,0.39103425401726694,S2
7,85,18,59,20,57,6,11.213333333333333,0.23443508861999357,3,0.18935565935051124,S2
7,85,15,62,15,62,3,12.153333333333334,0.23234454989999284,4,1.0,S2
7,82,15,59,15,59,3,12.576666666666668,0.23181777773999274,4,inf,S2
7,64,16,40,15,41,2,11.313333333333334,0.23585592977999265,4,inf,S2
7,84,15,61,17,59,3,12.790000000000001,0.23583254039999482,5,0.9036290967981011,S2
7,83,16,59,17,58,1,12.853333333333335,0.23216835875999142,5,inf,S2
7,64,17,39,15,41,2,11.496666666666668,0.23676330086999434,5,0.6242845623032802,S2
7,64,16,40,17,39,2,11.376666666666667,0.2373398013899931,5,inf,S2
7,83,15,60,15,60,3,13.066666666666666,0.23314909016999183,6,0.40746098922725627,S2
7,98,15,75,15,75,1,13.936666666666667,0.23310954716999036,6,inf,S2
7,93,15,70,20,65,2,12.853333333333335,0.23467609586999225,6,0.7249618680889708,S2
7,87,22,57,15,64,6,11.976666666666667,0.2375398913099959,6,0.5925390107727437,S2
7,64,19,37,15,41,3,11.603333333333335,0.23757727871999268,6,inf,S2
7,97,15,74,15,74,1,14.216666666666667,0.2331995633099914,7,inf,S2
7,86,15,63,15,63,2,13.32,0.23471108453999318,7,0.834108109580596,S2
7,86,21,57,15,63,7,11.783333333333333,0.23935695821999264,7,0.16589189041940397,S2
7,65,17,40,15,42,1,11.776666666666667,0.23956371896999262,7,inf,S2
7,64,18,38,15,41,2,11.983333333333333,0.23799123584999213,7,0.6798938567699302,S2
7,94,18,68,20,66,1,13.606666666666667,0.2373480139799915,8,0.2439284709504076,S2
7,86,15,63,15,63,3,13.59,0.2374551311699924,8,0.3225475688608854,S2
7,84,16,60,15,61,2,14.043333333333335,0.23626714517999306,8,inf,S2
7,63,15,40,15,40,0,11.96,0.2406629101199935,8,inf,S2
7,65,15,42,19,38,3,12.296666666666667,0.2389148720999928,8,0.44970809553977575,S2
7,64,16,40,15,41,5,12.89,0.23867155742999346,8,0.4764394663869642,S2
7,86,15,63,19,59,1,13.823333333333334,0.23756216540999286,9,inf,S2
7,65,17,40,17,40,1,12.163333333333334,0.24121681373999201,9,inf,S2
7,66,15,43,19,39,2,12.330000000000002,0.2390886591899919,9,1.0,S2
7,93,17,68,22,63,7,13.83,0.23848559930999094,10,0.45265198450304284,S2
7,82,15,59,15,59,1,14.59,0.23771994866999022,10,inf,S2
7,65,17,40,16,41,1,12.21,0.24191235275999376,10,inf,S2
7,64,15,41,15,41,1,12.336666666666666,0.24161056721999458,10,0.21274525423204388,S2
7,66,15,43,20,38,2,12.76,0.24109735748999322,10,0.48474542801045556,S2
7,62,15,39,15,39,7,13.47,0.23954245268999316,10,0.5362768485154,S2
7,84,19,57,15,61,2,14.18,0.23851232804999206,11,inf,S2
7,64,15,41,16,40,1,12.45,0.24368377160999388,11,inf,S2
7,65,15,42,20,37,1,12.493333333333332,0.24196591805999362,11,0.34601619365984043,S2
7,63,15,40,19,36,1,12.803333333333335,0.24116117522999397,11,0.821385583762983,S2
7,64,16,40,15,41,1,12.733333333333334,0.24470734088999532,12,inf,S2
7,83,16,59,17,58,6,14.976666666666667,0.24272884127999003,12,0.29816717181456753,S2
7,94,18,68,20,66,2,14.940000000000001,0.2429724479699913,12,0.232955863532829,S2
7,86,21,57,15,63,1,15.186666666666667,0.24126652079999206,12,inf,S2
7,81,15,58,19,54,2,14.496666666666666,0.24365875577999285,12,0.7018328281854325,S2
7,63,17,38,15,40,1,12.736666666666668,0.24477980372999428,13,inf,S2
7,85,15,62,15,62,15,15.623333333333333,0.242560086779991,13,inf,S2
7,85,15,62,15,62,14,16.106666666666666,0.24396978326999044,14,inf,S2
8,63,15,40,15,40,2,9.469999999999999,0.22790264606999325,0,inf,S2
8,71,16,47,15,48,3,9.576666666666666,0.22576233485999558,0,inf,S2
8,63,15,40,15,40,3,9.860000000000001,0.2272908174299935,1,inf,S2
8,63,15,40,16,39,2,9.693333333333333,0.2284604587499941,1,inf,S2
8,83,15,60,15,60,1,11.916666666666668,0.22752642899999365,2,inf,S2
8,65,17,40,15,42,3,10.606666666666667,0.23100066767999497,2,0.2046906794447536,S2
8,86,16,62,15,63,6,10.58,0.23117662820999305,2,0.2597331632131145,S2
8,63,17,38,15,40,2,10.576666666666666,0.23443453904999176,2,inf,S2
8,62,15,39,15,39,2,10.976666666666668,0.23039351477999287,2,0.39112342780192827,S2
8,93,15,70,19,66,1,11.246666666666666,0.22889621615999375,2,0.5582621998772967,S2
8,64,15,41,15,41,2,10.896666666666667,0.2340583501499953,3,inf,S2
8,65,19,38,15,42,3,10.986666666666666,0.23342351840999392,3,0.3788504727251791,S2
8,65,15,42,15,42,2,11.1,0.23143270496999332,3,0.8955589837778596,S2
8,83,15,60,15,60,0,12.486666666666668,0.22988945732999255,3,inf,S2
8,64,16,40,15,41,4,10.946666666666667,0.234157796489994,4,inf,S2
8,65,17,40,15,42,2,11.270000000000001,0.23322514487999357,4,0.3928434299864893,S2
8,87,15,64,16,63,5,11.343333333333335,0.23169865193999253,4,0.7104344247028528,S2
8,86,15,63,15,63,1,12.703333333333333,0.23037277844999424,4,0.6071565700135106,S2
8,96,15,73,15,73,0,12.856666666666667,0.22990327985999107,4,inf,S2
8,64,17,39,16,40,3,11.193333333333333,0.2344879734899934,5,0.2386359116926925,S2
8,85,18,59,20,57,6,11.213333333333333,0.23443508861999357,5,0.43946483666360125,S2
8,64,18,38,15,41,3,11.156666666666666,0.2374205481899939,5,inf,S2
8,83,15,60,16,59,3,12.143333333333333,0.2317149188699937,5,0.5978753261496226,S2
8,95,15,72,15,72,3,12.809999999999999,0.23164275026999348,5,0.3307372110382012,S2
8,98,15,75,15,75,0,13.216666666666669,0.23078270846999202,5,inf,S2
8,64,16,40,15,41,2,11.313333333333334,0.23585592977999265,6,inf,S2
8,65,16,41,17,40,2,11.72,0.23493789809999266,6,0.7672294169221745,S2
8,85,15,62,15,62,3,12.153333333333334,0.23234454989999284,6,0.7253803553914064,S2
8,82,15,59,15,59,3,12.576666666666668,0.23181777773999274,6,inf,S2
8,64,17,39,15,41,2,11.496666666666668,0.23676330086999434,7,0.24674124819424478,S2
8,64,16,40,17,39,2,11.376666666666667,0.2373398013899931,7,inf,S2
8,65,17,40,16,41,2,11.790000000000001,0.2362353219599947,7,0.6118716879624403,S2
8,84,15,61,15,61,3,12.276666666666667,0.23316642458999304,7,0.7532587518057552,S2
8,83,16,59,17,58,1,12.853333333333335,0.23216835875999142,7,inf,S2
8,64,17,39,17,39,3,11.613333333333333,0.2368829033399936,8,0.4495456913536011,S2
8,64,19,37,15,41,3,11.603333333333335,0.23757727871999268,8,inf,S2
8,84,15,61,17,59,3,12.790000000000001,0.23583254039999482,8,0.5126860929170043,S2
8,83,15,60,15,60,3,13.066666666666666,0.23314909016999183,8,0.27780482733422707,S2
8,98,15,75,15,75,1,13.936666666666667,0.23310954716999036,8,inf,S2
8,93,15,70,20,65,2,12.853333333333335,0.23467609586999225,8,0.27264948131217187,S2
8,85,16,61,16,61,2,13.0,0.2337983868599947,8,0.21660701761976675,S2
8,65,15,42,15,42,1,11.683333333333334,0.23733526448999442,9,0.5918614694468849,S2
8,63,19,36,15,40,2,11.65,0.2385514103099933,9,inf,S2
8,82,15,59,16,58,0,13.620000000000001,0.2334301971599914,9,0.22583082761396606,S2
8,97,15,74,15,74,1,14.216666666666667,0.2331995633099914,9,inf,S2
8,82,16,58,15,59,2,13.423333333333334,0.23396258012999285,9,0.1655474071449263,S2
8,85,17,60,15,62,5,13.216666666666669,0.234361161419993,9,0.18230770293914905,S2
8,85,16,61,15,62,5,13.186666666666667,0.23542046399999303,9,0.5765589308421624,S2
8,87,22,57,15,64,6,11.976666666666667,0.2375398913099959,10,0.976536203469865,S2
8,86,21,57,15,63,7,11.783333333333333,0.23935695821999264,10,0.27332357426683745,S2
8,65,17,40,15,42,1,11.776666666666667,0.23956371896999262,10,inf,S2
8,86,15,63,15,63,2,13.32,0.23471108453999318,10,inf,S2
8,64,18,38,15,41,2,11.983333333333333,0.23799123584999213,11,0.5598613858599482,S2
8,63,15,40,15,40,0,11.96,0.2406629101199935,11,inf,S2
8,94,18,68,20,66,1,13.606666666666667,0.2373480139799915,11,0.18454181744960885,S2
8,86,15,63,15,63,3,13.59,0.2374551311699924,11,0.3088990679696455,S2
8,84,16,60,15,61,2,14.043333333333335,0.23626714517999306,11,0.42717077170435924,S2
8,98,15,75,15,75,2,15.256666666666668,0.23553279446998873,11,inf,S2
8,65,17,40,17,40,1,12.163333333333334,0.24121681373999201,12,inf,S2
8,86,15,63,19,59,1,13.823333333333334,0.23756216540999286,12,inf,S2
9,71,16,47,15,48,3,9.576666666666666,0.22576233485999558,0,1.0,S2
9,71,16,47,15,48,5,9.466666666666669,0.22675545257999544,0,inf,S2
9,85,15,62,17,60,0,11.16,0.223678052549993,0,inf,S2
9,63,15,40,15,40,2,9.469999999999999,0.22790264606999325,1,inf,S2
9,63,15,40,15,40,3,9.860000000000001,0.2272908174299935,1,1.0,S2
9,84,15,61,15,61,1,11.83,0.2271780807899949,1,inf,S2
9,63,15,40,16,39,2,9.693333333333333,0.2284604587499941,2,inf,S2
9,83,15,60,15,60,1,11.916666666666668,0.22752642899999365,2,inf,S2
9,93,15,70,19,66,1,11.246666666666666,0.22889621615999375,3,0.9399824084756989,S2
9,70,15,47,15,47,3,10.486666666666666,0.2293055016899946,3,0.39167740916629024,S2
9,86,15,63,15,63,6,10.41,0.2294410393499917,3,inf,S2
9,86,15,63,16,62,0,12.166666666666668,0.22766679854999414,3,inf,S2
9,65,17,40,15,42,3,10.606666666666667,0.23100066767999497,4,0.28822888360603605,S2
9,62,15,39,15,39,2,10.976666666666668,0.23039351477999287,4,0.711771116393964,S2
9,62,15,39,15,39,3,10.94,0.23073533228999427,4,0.3198324611915901,S2
9,64,15,41,15,41,3,10.476666666666667,0.23117157383999445,4,inf,S2
9,83,15,60,15,60,4,12.166666666666668,0.2297284799699942,4,inf,S2
9,93,17,68,19,66,1,11.536666666666667,0.2309037063599941,5,0.6407278107433172,S2
9,86,16,62,15,63,6,10.58,0.23117662820999305,5,0.6397323555366277,S2
9,63,17,38,15,40,2,10.576666666666666,0.23443453904999176,5,inf,S2
9,83,15,60,15,60,0,12.486666666666668,0.22988945732999255,5,inf,S2
9,64,15,41,15,41,2,10.896666666666667,0.2340583501499953,6,0.23379357368185685,S2
9,65,19,38,15,42,3,10.986666666666666,0.23342351840999392,6,0.2731326426353719,S2
9,65,15,42,15,42,2,11.1,0.23143270496999332,6,0.688074342070217,S2
9,64,17,39,15,41,3,10.860000000000001,0.23581118825999484,6,inf,S2
9,86,15,63,15,63,1,12.703333333333333,0.23037277844999424,6,0.5693386298720234,S2
9,96,15,73,15,73,0,12.856666666666667,0.22990327985999107,6,inf,S2
9,64,16,40,15,41,4,10.946666666666667,0.234157796489994,7,inf,S2
9,87,15,64,16,63,5,11.343333333333335,0.23169865193999253,7,0.39715592344621065,S2
9,70,16,46,16,46,3,11.240000000000002,0.23198931068999407,7,0.4516797224346437,S2
9,95,15,72,15,72,3,12.809999999999999,0.23164275026999348,7,0.5483202775653563,S2
9,98,15,75,15,75,0,13.216666666666669,0.23078270846999202,7,inf,S2
9,64,17,39,16,40,3,11.193333333333333,0.2344879734899934,8,0.2903402547368456,S2
9,85,18,59,20,57,6,11.213333333333333,0.23443508861999357,8,0.1495164979262597,S2
9,64,18,38,15,41,3,11.156666666666666,0.2374205481899939,8,inf,S2
9,83,15,60,16,59,3,12.143333333333333,0.2317149188699937,8,inf,S2
9,65,17,40,15,42,2,11.270000000000001,0.23322514487999357,8,0.30395768944400237,S2
9,62,15,39,16,38,2,11.523333333333333,0.23275919585999608,8,0.5749128291766592,S2
9,63,19,36,15,40,3,11.25,0.23520992639999377,9,inf,S2
9,85,15,62,15,62,3,12.153333333333334,0.23234454989999284,9,0.671153568777501,S2
9,82,15,59,15,59,3,12.576666666666668,0.23181777773999274,9,0.3352117745580816,S2
9,82,15,59,15,59,2,13.063333333333334,0.23176353971999275,9,inf,S2
9,87,16,63,16,63,4,11.573333333333334,0.2345369710199938,9,0.6647882254419184,S2
9,64,16,40,15,41,2,11.313333333333334,0.23585592977999265,10,inf,S2
9,84,15,61,15,61,3,12.276666666666667,0.23316642458999304,10,0.6200170377881719,S2
9,83,16,59,17,58,1,12.853333333333335,0.23216835875999142,10,inf,S2
9,83,16,59,17,58,4,12.753333333333334,0.23283952856999324,10,0.3225577908513949,S2
9,65,16,41,17,40,2,11.72,0.23493789809999266,10,0.6774422091486051,S2
9,64,17,39,15,41,2,11.496666666666668,0.23676330086999434,11,0.23985183753084396,S2
9,64,16,40,17,39,2,11.376666666666667,0.2373398013899931,11,inf,S2
9,85,17,60,18,59,1,13.066666666666666,0.2326424422499923,11,inf,S2
9,93,15,70,20,65,2,12.853333333333335,0.23467609586999225,11,0.278651150190491,S2
9,85,16,61,16,61,2,13.0,0.2337983868599947,11,0.27958413060611054,S2
9,65,17,40,16,41,2,11.790000000000001,0.2362353219599947,11,0.48171573680050567,S2
9,84,15,61,17,59,3,12.790000000000001,0.23583254039999482,11,0.48056403186304547,S2
9,84,15,61,15,61,2,13.196666666666667,0.23268039896999346,12,inf,S2
9,64,19,37,15,41,3,11.603333333333335,0.23757727871999268,12,inf,S2
9,81,15,58,15,58,3,12.9,0.23479678412999308,12,0.8373110602903726,S2
9,64,17,39,17,39,3,11.613333333333333,0.2368829033399936,12,0.6908084899180891,S2
9,83,15,60,15,60,3,13.066666666666666,0.23314909016999183,12,0.28219924547010555,S2
10,93,15,70,15,70,1,9.823333333333334,0.22248654818999236,0,inf,S2
10,70,16,46,15,47,5,9.093333333333334,0.22439405417999475,0,inf,S2
10,95,15,72,15,72,0,10.42,0.22401622730999138,1,0.8380109050707798,S2
10,85,16,61,16,61,0,10.993333333333334,0.22281334832999522,1,inf,S2
10,71,16,47,15,48,3,9.576666666666666,0.22576233485999558,1,0.6596589400982981,S2
10,71,16,47,15,48,5,9.466666666666669,0.22675545257999544,1,inf,S2
10,85,15,62,17,60,0,11.16,0.223678052549993,2,inf,S2
10,63,15,40,15,40,2,9.469999999999999,0.22790264606999325,2,inf,S2
10,63,15,40,15,40,3,9.860000000000001,0.2272908174299935,2,1.0,S2
10,84,15,61,15,61,1,11.83,0.2271780807899949,3,inf,S2
10,63,15,40,16,39,2,9.693333333333333,0.2284604587499941,3,inf,S2
10,84,15,61,16,60,0,11.616666666666667,0.2277122994599947,3,1.0,S2
10,83,15,60,15,60,1,11.916666666666668,0.22752642899999365,4,0.4939185186238039,S2
10,86,15,63,15,63,0,12.086666666666666,0.2272886570099938,4,inf,S2
10,93,15,70,19,66,1,11.246666666666666,0.22889621615999375,4,0.6622655785065376,S2
10,70,15,47,15,47,3,10.486666666666666,0.2293055016899946,4,0.2949717119916181,S2
10,86,15,63,15,63,6,10.41,0.2294410393499917,4,0.254104067762723,S2
10,63,15,40,17,38,2,9.923333333333334,0.2299699450199936,4,inf,S2
10,84,16,60,15,61,0,12.026666666666666,0.22883541233999313,5,1.0,S2
10,86,15,63,16,62,0,12.166666666666668,0.22766679854999414,5,inf,S2
10,86,15,63,16,62,6,10.41,0.23030056784999506,5,inf,S2
10,83,15,60,15,60,4,12.166666666666668,0.2297284799699942,6,0.6652439869056406,S2
10,84,16,60,15,61,1,12.293333333333333,0.22919822039999266,6,inf,S2
10,65,17,40,15,42,3,10.606666666666667,0.23100066767999497,6,0.23805598605787281,S2
10,62,15,39,15,39,2,10.976666666666668,0.23039351477999287,6,0.592726687622452,S2
10,62,15,39,15,39,3,10.94,0.23073533228999427,6,0.25567271213248777,S2
10,64,15,41,15,41,3,10.476666666666667,0.23117157383999445,6,inf,S2
10,83,15,60,15,60,0,12.486666666666668,0.22988945732999255,7,inf,S2
10,83,16,59,15,60,1,12.356666666666667,0.22992709115999244,7,0.479851311924408,S2
10,87,15,64,15,64,5,11.623333333333333,0.23066083826999229,7,0.5382233595329047,S2
10,93,17,68,19,66,1,11.536666666666667,0.2309037063599941,7,0.43914536896450085,S2
10,86,16,62,15,63,6,10.58,0.23117662820999305,7,0.41606126648460345,S2
10,63,17,38,15,40,3,10.516666666666666,0.23136872219999247,7,inf,S2
10,96,15,73,15,73,0,12.856666666666667,0.22990327985999107,8,inf,S2
10,86,15,63,15,63,1,12.703333333333333,0.23037277844999424,8,0.5539977259215639,S2
10,63,17,38,15,40,2,10.576666666666666,0.23443453904999176,8,inf,S2
10,65,19,38,15,42,3,10.986666666666666,0.23342351840999392,8,0.2061653108506608,S2
10,65,15,42,15,42,2,11.1,0.23143270496999332,8,0.5765070785073579,S2
10,61,15,38,15,38,2,11.030000000000001,0.23227181117999213,8,0.14563071665796778,S2
10,64,16,40,15,41,3,10.736666666666666,0.23389877630999462,8,0.20147295264796447,S2
10,62,16,38,15,39,2,11.013333333333334,0.2325802451699954,8,0.1365876019556695,S2
10,98,15,75,15,75,0,13.216666666666669,0.23078270846999202,9,inf,S2
10,87,15,64,16,63,5,11.343333333333335,0.23169865193999253,9,0.3675573561245151,S2
10,70,16,46,16,46,3,11.240000000000002,0.23198931068999407,9,0.17892533301611208,S2
10,95,15,72,15,72,3,12.809999999999999,0.23164275026999348,9,0.371373706934713,S2
10,85,17,60,15,62,1,12.983333333333334,0.23146307141999234,9,0.17179713489082699,S2
10,64,15,41,15,41,2,10.896666666666667,0.2340583501499953,9,0.3325450515694719,S2
10,64,17,39,15,41,3,10.860000000000001,0.23581118825999484,9,inf,S2
10,62,17,37,15,39,3,11.04,0.23285086670999405,9,0.27857510315868006,S2
10,83,15,60,16,59,3,12.143333333333333,0.2317149188699937,10,inf,S2
10,62,15,39,16,38,2,11.523333333333333,0.23275919585999608,10,0.6740105027216126,S2
10,64,16,40,15,41,4,10.946666666666667,0.234157796489994,10,inf,S2
10,65,17,40,15,42,2,11.270000000000001,0.23322514487999357,10,0.39253316276458095,S2
10,87,17,62,16,63,5,11.076666666666668,0.23376519062999465,10,0.32598949727838733,S2
10,64,18,38,15,41,3,11.156666666666666,0.2374205481899939,11,inf,S2
10,82,15,59,15,59,2,13.063333333333334,0.23176353971999275,11,inf,S2
10,62,15,39,17,37,2,11.606666666666666,0.2328848840699946,11,0.43127772223488464,S2
10,85,15,62,15,62,3,12.153333333333334,0.23234454989999284,11,0.3486878233133902,S2
10,82,15,59,15,59,3,12.576666666666668,0.23181777773999274,11,0.289989493394005,S2
10,64,17,39,16,40,3,11.193333333333333,0.2344879734899934,11,0.2787327843711104,S2
11,93,15,70,15,70,1,9.823333333333334,0.22248654818999236,0,0.816902907386688,S2
11,70,16,46,15,47,5,9.093333333333334,0.22439405417999475,0,0.6373499787565926,S2
11,85,15,62,15,62,0,10.3,0.2205726647099957,0,inf,S2
11,72,17,47,15,49,4,8.926666666666668,0.2256330015599954,0,inf,S2
11,95,15,72,15,72,0,10.42,0.22401622730999138,1,0.8475442414616096,S2
11,85,16,61,15,62,0,10.743333333333334,0.22221547832999422,1,inf,S2
11,71,16,47,15,48,3,9.576666666666666,0.22576233485999558,1,0.6750466491266786,S2
11,71,16,47,15,48,5,9.466666666666669,0.22675545257999544,1,inf,S2
11,94,15,71,16,70,0,10.596666666666668,0.2251470054599938,2,0.8118819088789206,S2
11,85,16,61,16,61,0,10.993333333333334,0.22281334832999522,2,inf,S2
11,63,15,40,15,40,2,9.469999999999999,0.22790264606999325,2,inf,S2
11,63,15,40,15,40,3,9.860000000000001,0.2272908174299935,2,0.6405320275285613,S2
11,85,15,62,17,60,0,11.16,0.223678052549993,3,inf,S2
11,63,15,40,16,39,2,9.693333333333333,0.2284604587499941,3,inf,S2
11,84,15,61,15,61,1,11.83,0.2271780807899949,4,inf,S2
11,84,15,61,16,60,0,11.616666666666667,0.2277122994599947,4,0.35415209749560894,S2
11,94,16,70,15,71,1,11.416666666666666,0.22812983810999318,4,0.4058307494961253,S2
11,93,15,70,19,66,1,11.246666666666666,0.22889621615999375,4,0.6458479025043911,S2
11,71,15,48,16,47,5,9.753333333333334,0.2290469566499938,4,inf,S2
11,86,15,63,15,63,0,12.086666666666666,0.2272886570099938,5,inf,S2
11,93,15,70,15,70,2,11.883333333333333,0.22739980052999417,5,0.24923421382341082,S2
11,94,15,71,15,71,0,11.71,0.22815834458999376,5,0.6781747842108484,S2
11,70,15,47,15,47,3,10.486666666666666,0.2293055016899946,5,0.5396560167920113,S2
11,86,15,63,15,63,6,10.41,0.2294410393499917,5,0.254104067762723,S2
11,63,15,40,17,38,2,9.923333333333334,0.2299699450199936,5,inf,S2
11,83,15,60,15,60,1,11.916666666666668,0.22752642899999365,6,inf,S2
11,60,15,37,15,37,3,10.766666666666667,0.2296679359499934,6,1.0,S2
11,86,15,63,16,62,6,10.41,0.23030056784999506,6,inf,S2
11,84,16,60,15,61,0,12.026666666666666,0.22883541233999313,7,0.5797319649700597,S2
11,86,15,63,16,62,0,12.166666666666668,0.22766679854999414,7,inf,S2
11,93,16,69,15,70,2,12.143333333333333,0.22874932436999407,7,0.20813748155521658,S2
11,65,17,40,15,42,3,10.606666666666667,0.23100066767999497,7,0.19931617737833762,S2
11,62,15,39,15,39,2,10.976666666666668,0.23039351477999287,7,0.5925463410664458,S2
11,62,15,39,15,39,3,10.94,0.23073533228999427,7,0.19608540538464408,S2
11,64,15,41,15,41,3,10.476666666666667,0.23117157383999445,7,inf,S2
11,83,15,60,15,60,4,12.166666666666668,0.2297284799699942,8,0.5254861595887838,S2
11,84,16,60,15,61,1,12.293333333333333,0.22919822039999266,8,inf,S2
11,87,15,64,15,64,5,11.623333333333333,0.23066083826999229,8,0.44802519819498865,S2
11,93,17,68,19,66,1,11.536666666666667,0.2309037063599941,8,0.41243914541966964,S2
11,86,16,62,15,63,6,10.58,0.23117662820999305,8,0.39417614463339995,S2
11,63,17,38,15,40,3,10.516666666666666,0.23136872219999247,8,inf,S2
11,83,15,60,15,60,0,12.486666666666668,0.22988945732999255,9,inf,S2
11,83,16,59,15,60,1,12.356666666666667,0.22992709115999244,9,0.5327729105034249,S2
11,63,17,38,15,40,2,10.576666666666666,0.23443453904999176,9,inf,S2
11,65,15,42,15,42,2,11.1,0.23143270496999332,9,0.5630234751576667,S2
11,62,16,38,15,39,3,10.920000000000002,0.2316263401799939,9,0.19004259217204658,S2
11,65,18,39,15,42,3,10.676666666666666,0.23215284905999523,9,0.2016250666531768,S2
11,86,16,62,16,62,6,10.593333333333334,0.23268180116999554,9,0.2771844973245286,S2
11,96,15,73,15,73,0,12.856666666666667,0.22990327985999107,10,inf,S2
11,86,15,63,15,63,1,12.703333333333333,0.23037277844999424,10,0.7016017110066521,S2
11,87,15,64,16,63,5,11.343333333333335,0.23169865193999253,10,0.6549273123947705,S2
11,70,16,46,16,46,3,11.240000000000002,0.23198931068999407,10,0.18485969266515603,S2
11,61,15,38,15,38,2,11.030000000000001,0.23227181117999213,10,0.21745541476876895,S2
11,64,15,41,15,41,4,10.686666666666667,0.2324469671099947,10,inf,S2
11,64,16,40,15,41,3,10.736666666666666,0.23389877630999462,11,inf,S2
11,98,15,75,15,75,0,13.216666666666669,0.23078270846999202,11,inf,S2
11,83,15,60,16,59,3,12.143333333333333,0.2317149188699937,11,0.51266033712392,S2
11,62,16,38,15,39,2,11.013333333333334,0.2325802451699954,11,0.5073584789722726,S2
11,65,19,38,15,42,3,10.986666666666666,0.23342351840999392,11,0.26734928013313985,S2
11,95,15,72,15,72,3,12.809999999999999,0.23164275026999348,11,0.20976593739762517,S2
12,93,15,70,15,70,1,9.823333333333334,0.22248654818999236,0,0.816902907386688,S2
12,70,16,46,15,47,5,9.093333333333334,0.22439405417999475,0,0.6373499787565926,S2
12,85,15,62,15,62,0,10.3,0.2205726647099957,0,inf,S2
12,72,17,47,15,49,4,8.926666666666668,0.2256330015599954,0,inf,S2
12,93,16,69,15,70,0,10.180000000000001,0.22458117059999413,1,0.5225908905882882,S2
12,95,15,72,15,72,0,10.42,0.22401622730999138,1,0.48116690584314603,S2
12,85,16,61,15,62,0,10.743333333333334,0.22221547832999422,1,inf,S2
12,71,16,47,15,48,3,9.576666666666666,0.22576233485999558,1,0.518833094156854,S2
12,71,16,47,15,48,5,9.466666666666669,0.22675545257999544,1,inf,S2
12,94,15,71,16,70,0,10.596666666666668,0.2251470054599938,2,0.8118819088789206,S2
12,85,16,61,16,61,0,10.993333333333334,0.22281334832999522,2,inf,S2
12,63,15,40,15,40,2,9.469999999999999,0.22790264606999325,2,inf,S2
12,63,15,40,15,40,3,9.860000000000001,0.2272908174299935,2,0.6405320275285613,S2
12,85,15,62,17,60,0,11.16,0.223678052549993,3,inf,S2
12,63,15,40,16,39,2,9.693333333333333,0.2284604587499941,3,inf,S2
12,71,17,46,15,48,4,9.906666666666666,0.2274658859099954,3,1.0,S2
12,93,16,69,16,69,2,11.273333333333333,0.226970516549993,4,inf,S2
12,71,15,48,16,47,5,9.753333333333334,0.2290469566499938,4,inf,S2
12,93,15,70,19,66,1,11.246666666666666,0.22889621615999375,4,1.0,S2
12,94,16,70,15,71,1,11.416666666666666,0.22812983810999318,5,0.6955181204464866,S2
12,84,15,61,15,61,0,11.433333333333334,0.22715325788999483,5,inf,S2
12,70,15,47,15,47,3,10.486666666666666,0.2293055016899946,5,0.5660892589087583,S2
12,86,15,63,15,63,6,10.41,0.2294410393499917,5,0.20690769763965555,S2
12,63,15,40,17,38,2,9.923333333333334,0.2299699450199936,5,inf,S2
12,71,16,47,16,47,5,10.0,0.22956328373999413,5,0.25503580123959513,S2
12,84,15,61,15,61,1,11.83,0.2271780807899949,6,inf,S2
12,84,15,61,16,60,0,11.616666666666667,0.2277122994599947,6,0.7731105800135621,S2
12,60,15,37,15,37,3,10.766666666666667,0.2296679359499934,6,0.8393388526671984,S2
12,86,15,63,16,62,6,10.41,0.23030056784999506,6,inf,S2
12,86,15,63,15,63,0,12.086666666666666,0.2272886570099938,7,inf,S2
12,93,15,70,15,70,2,11.883333333333333,0.22739980052999417,7,0.22896617857556212,S2
12,94,15,71,15,71,0,11.71,0.22815834458999376,7,0.6670716155956171,S2
12,65,17,40,15,42,3,10.606666666666667,0.23100066767999497,7,0.20006680439908425,S2
12,62,15,39,15,39,2,10.976666666666668,0.23039351477999287,7,0.5709670170253536,S2
12,62,15,39,15,39,3,10.94,0.23073533228999427,7,0.19308941083175915,S2
12,64,15,41,15,41,3,10.476666666666667,0.23117157383999445,7,inf,S2
12,83,15,60,15,60,1,11.916666666666668,0.22752642899999365,8,inf,S2
12,94,16,70,15,71,0,11.836666666666668,0.22946348690999385,8,0.5126445293882093,S2
12,87,15,64,15,64,5,11.623333333333333,0.23066083826999229,8,0.29455950848022705,S2
12,93,17,68,19,66,1,11.536666666666667,0.2309037063599941,8,0.4397391127927457,S2
12,86,16,62,15,63,6,10.58,0.23117662820999305,8,0.4247985142977623,S2
12,63,17,38,15,40,3,10.516666666666666,0.23136872219999247,8,inf,S2
12,84,16,60,15,61,0,12.026666666666666,0.22883541233999313,9,0.669588200943865,S2
12,86,15,63,16,62,0,12.166666666666668,0.22766679854999414,9,inf,S2
12,93,16,69,15,70,2,12.143333333333333,0.22874932436999407,9,0.13036222866735944,S2
12,69,16,45,15,46,5,10.603333333333333,0.23125760426999495,9,0.7349045796494291,S2
12,63,17,38,15,40,2,10.576666666666666,0.23443453904999176,9,inf,S2
12,86,16,62,16,62,6,10.593333333333334,0.23268180116999554,9,0.24309737214059365,S2
12,87,15,64,15,64,0,12.22,0.22799630435999496,10,inf,S2
12,83,15,60,15,60,4,12.166666666666668,0.2297284799699942,10,0.7762232387955155,S2
12,65,15,42,15,42,2,11.1,0.23143270496999332,10,0.6321855116931947,S2
12,62,16,38,15,39,3,10.920000000000002,0.2316263401799939,10,0.22377676120448464,S2
12,65,18,39,15,42,3,10.676666666666666,0.23215284905999523,10,inf,S2
12,84,16,60,15,61,1,12.293333333333333,0.22919822039999266,11,inf,S2
12,87,15,64,16,63,5,11.343333333333335,0.23169865193999253,11,0.7573649878642528,S2
12,70,16,46,16,46,3,11.240000000000002,0.23198931068999407,11,0.18572273518874272,S2
12,61,15,38,15,38,2,11.030000000000001,0.23227181117999213,11,0.24263501213574726,S2
12,64,15,41,15,41,4,10.686666666666667,0.2324469671099947,11,inf,S2
12,64,16,40,15,41,3,10.736666666666666,0.23389877630999462,12,inf,S2
12,83,15,60,15,60,0,12.486666666666668,0.22988945732999255,12,inf,S2
13,93,15,70,15,70,1,9.823333333333334,0.22248654818999236,0,0.6076447879427149,S2
13,85,15,62,15,62,0,10.3,0.2205726647099957,0,inf,S2
13,72,17,47,15,49,4,8.926666666666668,0.2256330015599954,0,inf,S2
13,70,16,46,15,47,4,8.936666666666667,0.22323186194999586,0,0.6373499787565926,S2
13,93,15,70,15,70,0,10.123333333333333,0.2214546113999939,0,0.36265002124340734,S2
13,70,16,46,15,47,5,9.093333333333334,0.22439405417999475,1,inf,S2
13,71,15,48,15,48,3,9.32,0.22374254783999595,1,1.0,S2
13,85,16,61,15,62,0,10.743333333333334,0.22221547832999422,1,inf,S2
13,95,15,72,15,72,0,10.42,0.22401622730999138,2,0.690839607807739,S2
13,71,15,48,15,48,4,9.463333333333335,0.22453705370999366,2,0.6773750945193664,S2
13,71,15,48,15,48,5,9.443333333333333,0.22718177732999542,2,inf,S2
13,85,16,61,16,61,0,10.993333333333334,0.22281334832999522,2,inf,S2
13,93,16,69,15,70,0,10.180000000000001,0.22458117059999413,3,0.7551643318101579,S2
13,71,16,47,15,48,3,9.576666666666666,0.22576233485999558,3,0.5139294794293165,S2
13,71,16,47,15,48,5,9.466666666666669,0.22675545257999544,3,0.24483566818984212,S2
13,70,17,45,15,47,4,9.446666666666667,0.22723360961999456,3,inf,S2
13,85,15,62,17,60,0,11.16,0.223678052549993,3,inf,S2
13,94,15,71,16,70,0,10.596666666666668,0.2251470054599938,4,inf,S2
13,63,15,40,15,40,2,9.469999999999999,0.22790264606999325,4,inf,S2
13,63,15,40,15,40,3,9.860000000000001,0.2272908174299935,4,1.0,S2
13,93,16,69,16,69,2,11.273333333333333,0.226970516549993,5,inf,S2
13,63,15,40,16,39,2,9.693333333333333,0.2284604587499941,5,inf,S2
13,71,17,46,15,48,4,9.906666666666666,0.2274658859099954,5,1.0,S2
13,84,15,61,15,61,0,11.433333333333334,0.22715325788999483,6,inf,S2
13,71,15,48,16,47,5,9.753333333333334,0.2290469566499938,6,inf,S2
13,93,15,70,19,66,1,11.246666666666666,0.22889621615999375,6,0.46695313934412447,S2
13,94,16,70,15,71,1,11.416666666666666,0.22812983810999318,6,0.5157550093482667,S2
13,68,15,45,15,45,3,10.610000000000001,0.2289890992799961,6,0.48424499065173326,S2
13,84,15,61,15,61,1,11.83,0.2271780807899949,7,inf,S2
13,84,15,61,16,60,0,11.616666666666667,0.2277122994599947,7,0.7332763729981324,S2
13,70,15,47,15,47,3,10.486666666666666,0.2293055016899946,7,0.6260367110674676,S2
13,86,15,63,15,63,6,10.41,0.2294410393499917,7,0.1737890298595527,S2
13,63,15,40,17,38,2,9.923333333333334,0.2299699450199936,7,inf,S2
13,71,16,47,16,47,5,10.0,0.22956328373999413,7,0.2223450479296939,S2
13,86,15,63,15,63,0,12.086666666666666,0.2272886570099938,8,inf,S2
13,93,15,70,15,70,2,11.883333333333333,0.22739980052999417,8,0.18627774669713154,S2
13,94,15,71,15,71,0,11.71,0.22815834458999376,8,0.5254729359128392,S2
13,60,15,37,15,37,3,10.766666666666667,0.2296679359499934,8,0.5687401062543538,S2
13,86,15,63,16,62,6,10.41,0.23030056784999506,8,0.4048955946680264,S2
13,71,19,44,15,48,5,10.393333333333334,0.2330821499699935,8,inf,S2
13,83,15,60,15,60,1,11.916666666666668,0.22752642899999365,9,inf,S2
13,94,16,70,15,71,0,11.836666666666668,0.22946348690999385,9,0.7196634919357441,S2
13,65,17,40,15,42,3,10.606666666666667,0.23100066767999497,9,0.22071834237610163,S2
13,62,15,39,15,39,2,10.976666666666668,0.23039351477999287,9,0.4858000470733498,S2
13,62,15,39,15,39,3,10.94,0.23073533228999427,9,0.21175463302513114,S2
13,64,15,41,15,41,3,10.476666666666667,0.23117157383999445,9,inf,S2
13,84,16,60,15,61,0,12.026666666666666,0.22883541233999313,10,0.41575421838748705,S2
13,86,15,63,16,62,0,12.166666666666668,0.22766679854999414,10,inf,S2
13,93,16,69,15,70,2,12.143333333333333,0.22874932436999407,10,0.20026296365226237,S2
13,87,15,64,15,64,5,11.623333333333333,0.23066083826999229,10,0.4278388027461553,S2
13,93,17,68,19,66,1,11.536666666666667,0.2309037063599941,10,0.38582674013047347,S2
13,86,16,62,15,63,6,10.58,0.23117662820999305,10,0.3718982336015823,S2
13,63,17,38,15,40,3,10.516666666666666,0.23136872219999247,10,inf,S2
13,87,15,64,15,64,0,12.22,0.22799630435999496,11,inf,S2
13,83,15,60,15,60,4,12.166666666666668,0.2297284799699942,11,0.7451623515924763,S2
13,69,16,45,15,46,5,10.603333333333333,0.23125760426999495,11,0.7080598205832127,S2
13,63,17,38,15,40,2,10.576666666666666,0.23443453904999176,11,inf,S2
13,86,16,62,16,62,6,10.593333333333334,0.23268180116999554,11,0.2548376484075237,S2
13,86,16,62,15,63,0,12.396666666666667,0.22900338965999473,12,inf,S2
13,65,18,39,15,42,3,10.676666666666666,0.23215284905999523,12,inf,S2
14,93,15,70,15,70,1,9.823333333333334,0.22248654818999236,0,0.69825185305351,S2
14,85,15,62,15,62,0,10.3,0.2205726647099957,0,inf,S2
14,93,15,70,15,70,0,10.123333333333333,0.2214546113999939,0,0.5763180055984338,S2
14,70,15,47,15,47,4,8.72,0.22282178324999613,0,inf,S2
14,70,15,47,15,47,5,8.78,0.22268328851999586,0,0.4236819944015663,S2
14,85,15,62,16,61,0,10.553333333333335,0.22204414922999394,1,inf,S2
14,93,16,69,15,70,0,10.453333333333335,0.2225433347099942,1,0.6623987275088932,S2
14,72,17,47,15,49,4,8.926666666666668,0.2256330015599954,1,inf,S2
14,70,16,46,15,47,4,8.936666666666667,0.22323186194999586,1,0.8997156219258626,S2
14,85,16,61,15,62,0,10.743333333333334,0.22221547832999422,2,inf,S2
14,70,16,46,15,47,5,9.093333333333334,0.22439405417999475,2,inf,S2
14,71,15,48,15,48,3,9.32,0.22374254783999595,2,1.0,S2
14,85,16,61,16,61,0,10.993333333333334,0.22281334832999522,3,inf,S2
14,85,17,60,15,62,0,10.980000000000002,0.22297450421999485,3,0.2827457838574081,S2
14,72,18,46,15,49,4,9.203333333333335,0.22771918151999493,3,inf,S2
14,72,17,47,16,48,4,9.266666666666666,0.22684662653999482,3,0.39694653096952204,S2
14,95,15,72,15,72,0,10.42,0.22401622730999138,3,0.582904148675603,S2
14,71,15,48,15,48,4,9.463333333333335,0.22453705370999366,3,0.6106329853303859,S2
14,85,15,62,17,60,0,11.16,0.223678052549993,4,inf,S2
14,71,15,48,15,48,5,9.443333333333333,0.22718177732999542,4,inf,S2
14,93,16,69,15,70,0,10.180000000000001,0.22458117059999413,4,0.7586031238598019,S2
14,71,16,47,15,48,3,9.576666666666666,0.22576233485999558,4,0.5180484930524188,S2
14,71,16,47,15,48,5,9.466666666666669,0.22675545257999544,4,0.24139687614019817,S2
14,70,17,45,15,47,4,9.446666666666667,0.22723360961999456,5,inf,S2
14,94,15,71,16,70,0,10.596666666666668,0.2251470054599938,5,inf,S2
14,63,15,40,15,40,2,9.469999999999999,0.22790264606999325,6,inf,S2
14,63,15,40,15,40,3,9.860000000000001,0.2272908174299935,6,0.6406670601048461,S2
14,93,16,69,16,69,2,11.273333333333333,0.226970516549993,6,0.7799016642272287,S2
14,85,16,61,17,60,0,11.45,0.22538718230999416,6,inf,S2
14,63,15,40,16,39,2,9.693333333333333,0.2284604587499941,7,inf,S2
14,71,17,46,15,48,4,9.906666666666666,0.2274658859099954,7,1.0,S2
14,84,15,61,15,61,0,11.433333333333334,0.22715325788999483,7,inf,S2
14,71,15,48,16,47,5,9.753333333333334,0.2290469566499938,8,inf,S2
14,93,15,70,19,66,1,11.246666666666666,0.22889621615999375,8,0.4241086801472255,S2
14,94,16,70,15,71,1,11.416666666666666,0.22812983810999318,8,0.4058307494961253,S2
14,68,15,45,15,45,3,10.610000000000001,0.2289890992799961,8,0.39987974931268466,S2
14,84,15,61,15,61,1,11.83,0.2271780807899949,8,inf,S2
14,84,15,61,16,60,0,11.616666666666667,0.2277122994599947,8,0.35415209749560894,S2
14,70,15,47,15,47,3,10.486666666666666,0.2293055016899946,9,0.5396560167920113,S2
14,86,15,63,15,63,6,10.41,0.2294410393499917,9,0.1605513028954793,S2
14,63,15,40,17,38,2,9.923333333333334,0.2299699450199936,9,inf,S2
14,71,16,47,16,47,5,10.0,0.22956328373999413,9,0.21110976938457793,S2
14,86,15,63,15,63,0,12.086666666666666,0.2272886570099938,9,inf,S2
14,93,15,70,15,70,2,11.883333333333333,0.22739980052999417,9,0.24923421382341082,S2
14,94,15,71,15,71,0,11.71,0.22815834458999376,9,0.6781747842108484,S2
14,60,15,37,15,37,3,10.766666666666667,0.2296679359499934,10,0.5774994595797444,S2
14,71,18,45,18,45,3,10.086666666666668,0.22994386766999483,10,inf,S2
14,83,15,60,15,60,1,11.916666666666668,0.22752642899999365,10,inf,S2
14,94,16,70,15,71,0,11.836666666666668,0.22946348690999385,10,0.7571365602336801,S2
14,86,15,63,16,62,6,10.41,0.23030056784999506,11,0.7426799915437248,S2
14,63,15,40,18,37,2,10.276666666666667,0.23031932720999418,11,inf,S2
14,84,16,60,15,61,0,12.026666666666666,0.22883541233999313,11,0.7509622215100806,S2
14,86,15,63,16,62,0,12.166666666666668,0.22766679854999414,11,inf,S2
14,93,16,69,15,70,2,12.143333333333333,0.22874932436999407,11,0.25732000845627523,S2
14,87,15,64,15,64,0,12.22,0.22799630435999496,12,inf,S2
14,71,17,46,16,47,5,10.286666666666667,0.2312835219899939,12,inf,S2
14,83,15,60,15,60,4,12.166666666666668,0.2297284799699942,12,0.6861777832891578,S2
14,62,15,39,15,39,2,10.976666666666668,0.23039351477999287,12,0.4703879660789824,S2
14,62,15,39,15,39,3,10.94,0.23073533228999427,12,0.18804023373789436,S2
14,65,17,40,15,42,3,10.606666666666667,0.23100066767999497,12,0.18618181021979324,S2
15,93,15,70,15,70,1,9.823333333333334,0.22248654818999236,0,0.69825185305351,S2
15,85,15,62,15,62,0,10.3,0.2205726647099957,0,inf,S2
15,93,15,70,15,70,0,10.123333333333333,0.2214546113999939,0,0.5763180055984338,S2
15,70,15,47,15,47,4,8.72,0.22282178324999613,0,inf,S2
15,70,15,47,15,47,5,8.78,0.22268328851999586,0,0.4236819944015663,S2
15,85,15,62,16,61,0,10.553333333333335,0.22204414922999394,1,inf,S2
15,93,16,69,15,70,0,10.453333333333335,0.2225433347099942,1,0.6355355807329363,S2
15,72,15,49,15,49,4,8.850000000000001,0.22364393045999617,1,0.3644644192670638,S2
15,71,15,48,16,47,4,8.870000000000001,0.222817029749996,1,0.675602647577908,S2
15,70,16,46,16,46,4,8.823333333333334,0.22463730674999716,1,inf,S2
15,85,16,61,15,62,0,10.743333333333334,0.22221547832999422,2,inf,S2
15,70,16,46,15,47,4,8.936666666666667,0.22323186194999586,2,1.0,S2
15,72,17,47,15,49,4,8.926666666666668,0.2256330015599954,2,inf,S2
15,85,16,61,16,61,0,10.993333333333334,0.22281334832999522,3,inf,S2
15,85,17,60,15,62,0,10.980000000000002,0.22297450421999485,3,0.5880497092351391,S2
15,70,16,46,15,47,5,9.093333333333334,0.22439405417999475,3,0.41195029076486084,S2
15,71,15,48,15,48,3,9.32,0.22374254783999595,3,0.7230553346247302,S2
15,72,16,48,15,49,4,9.083333333333334,0.22591059053999527,3,inf,S2
15,85,15,62,17,60,0,11.16,0.223678052549993,4,inf,S2
15,95,15,72,15,72,0,10.42,0.22401622730999138,4,0.32835100783591087,S2
15,71,15,48,15,48,4,9.463333333333335,0.22453705370999366,4,0.5475056970850132,S2
15,93,15,70,19,66,0,10.233333333333334,0.22441801343999476,4,0.308904078127595,S2
15,72,18,46,15,49,4,9.203333333333335,0.22771918151999493,4,inf,S2
15,72,17,47,16,48,4,9.266666666666666,0.22684662653999482,4,0.4601571986308756,S2
15,93,16,69,15,70,0,10.180000000000001,0.22458117059999413,5,inf,S2
15,71,16,47,15,48,3,9.576666666666666,0.22576233485999558,5,0.2109406134602023,S2
15,71,16,47,15,48,5,9.466666666666669,0.22675545257999544,5,0.1843147905777215,S2
15,70,16,46,19,43,4,9.516666666666667,0.22613536913999674,5,0.20104972478392552,S2
15,70,16,46,16,46,5,9.703333333333333,0.2254455323699957,5,0.5446172655414239,S2
15,71,15,48,15,48,5,9.443333333333333,0.22718177732999542,5,0.2543330096746506,S2
15,70,17,45,16,46,4,9.406666666666668,0.2284029403799964,5,inf,S2
15,94,15,71,16,70,0,10.596666666666668,0.2251470054599938,6,0.799897754467324,S2
15,85,17,60,16,61,0,11.276666666666667,0.2247062460599945,6,inf,S2
15,93,18,67,15,70,0,10.963333333333335,0.224724226199994,6,0.20010224553267605,S2
15,95,15,72,17,70,0,10.703333333333335,0.22492589312999367,6,0.18382252202018134,S2
15,70,17,45,15,47,4,9.446666666666667,0.22723360961999456,6,inf,S2
15,93,16,69,16,69,2,11.273333333333333,0.226970516549993,7,0.7799016642272287,S2
15,85,16,61,17,60,0,11.45,0.22538718230999416,7,inf,S2
15,63,15,40,15,40,2,9.469999999999999,0.22790264606999325,7,inf,S2
15,63,15,40,15,40,3,9.860000000000001,0.2272908174299935,7,0.6406670601048461,S2
15,84,15,61,15,61,0,11.433333333333334,0.22715325788999483,8,inf,S2
15,63,15,40,16,39,2,9.693333333333333,0.2284604587499941,8,inf,S2
15,71,17,46,15,48,4,9.906666666666666,0.2274658859099954,8,1.0,S2
15,84,15,61,15,61,1,11.83,0.2271780807899949,9,inf,S2
15,71,15,48,16,47,5,9.753333333333334,0.2290469566499938,9,inf,S2
15,93,15,70,19,66,1,11.246666666666666,0.22889621615999375,9,0.3122764447154892,S2
15,94,16,70,15,71,1,11.416666666666666,0.22812983810999318,9,0.2716948317361552,S2
15,68,15,45,15,45,3,10.610000000000001,0.2289890992799961,9,0.39987974931268466,S2
15,84,15,61,16,60,0,11.616666666666667,0.2277122994599947,9,0.35415209749560894,S2
15,93,17,68,16,69,2,11.370000000000001,0.2285058420299923,9,0.24596815319170642,S2
15,86,15,63,15,63,0,12.086666666666666,0.2272886570099938,10,inf,S2
15,93,15,70,15,70,2,11.883333333333333,0.22739980052999417,10,0.20231654598632137,S2
15,70,15,47,15,47,3,10.486666666666666,0.2293055016899946,10,0.4648161534434968,S2
15,86,15,63,15,63,6,10.41,0.2294410393499917,10,0.14380269893987999,S2
15,63,15,40,17,38,2,9.923333333333334,0.2299699450199936,10,0.22461081863214727,S2
15,71,16,47,16,47,5,10.0,0.22956328373999413,10,0.18062449444454698,S2
15,63,16,39,15,40,2,9.85,0.23097022136999398,10,inf,S2
15,94,15,71,15,71,0,11.71,0.22815834458999376,10,0.5710373319180402,S2
15,83,15,60,15,60,1,11.916666666666668,0.22752642899999365,11,inf,S2
15,71,18,45,18,45,3,10.086666666666668,0.22994386766999483,11,inf,S2
16,93,15,70,15,70,1,9.823333333333334,0.22248654818999236,0,0.69825185305351,S2
16,85,15,62,15,62,0,10.3,0.2205726647099957,0,inf,S2
16,93,15,70,15,70,0,10.123333333333333,0.2214546113999939,0,0.5763180055984338,S2
16,70,15,47,15,47,4,8.72,0.22282178324999613,0,inf,S2
16,70,15,47,15,47,5,8.78,0.22268328851999586,0,0.4236819944015663,S2
16,85,15,62,16,61,0,10.553333333333335,0.22204414922999394,1,inf,S2
16,93,16,69,15,70,0,10.453333333333335,0.2225433347099942,1,0.6866188673236394,S2
16,70,15,47,16,46,4,8.743333333333334,0.22378793720999582,1,inf,S2
16,72,15,49,15,49,4,8.850000000000001,0.22364393045999617,1,0.3133811326763606,S2
16,71,15,48,16,47,4,8.870000000000001,0.222817029749996,1,0.7584858978903599,S2
16,85,16,61,15,62,0,10.743333333333334,0.22221547832999422,2,inf,S2
16,70,16,46,16,46,4,8.823333333333334,0.22463730674999716,2,inf,S2
16,70,16,46,15,47,4,8.936666666666667,0.22323186194999586,2,1.0,S2
16,85,16,61,16,61,0,10.993333333333334,0.22281334832999522,3,inf,S2
16,85,17,60,15,62,0,10.980000000000002,0.22297450421999485,3,0.5696106575386579,S2
16,72,17,47,15,49,4,8.926666666666668,0.2256330015599954,3,inf,S2
16,70,16,46,15,47,5,9.093333333333334,0.22439405417999475,3,0.4303893424613421,S2
16,71,15,48,15,48,3,9.32,0.22374254783999595,3,0.7081758222663417,S2
16,85,15,62,17,60,0,11.16,0.223678052549993,4,inf,S2
16,72,16,48,15,49,4,9.083333333333334,0.22591059053999527,4,inf,S2
16,95,15,72,15,72,0,10.42,0.22401622730999138,4,0.38883586803543885,S2
16,71,15,48,15,48,4,9.463333333333335,0.22453705370999366,4,0.6111641319645611,S2
16,93,15,70,19,66,0,10.233333333333334,0.22441801343999476,4,0.346981543904829,S2
16,72,18,46,15,49,4,9.203333333333335,0.22771918151999493,5,inf,S2
16,72,17,47,16,48,4,9.266666666666666,0.22684662653999482,5,0.28836958214957215,S2
16,93,16,69,15,70,0,10.180000000000001,0.22458117059999413,5,inf,S2
16,71,16,47,15,48,3,9.576666666666666,0.22576233485999558,5,0.2054793874508628,S2
16,71,16,47,15,48,5,9.466666666666669,0.22675545257999544,5,0.24131568605868087,S2
16,70,16,46,19,43,4,9.516666666666667,0.22613536913999674,5,0.21455399700419378,S2
16,70,16,46,16,46,5,9.703333333333333,0.2254455323699957,5,0.4970764208462341,S2
16,71,15,48,15,48,5,9.443333333333333,0.22718177732999542,6,0.33053571576332935,S2
16,72,18,46,16,48,4,9.38,0.22780364609999557,6,inf,S2
16,85,17,60,16,61,0,11.276666666666667,0.2247062460599945,6,inf,S2
16,93,18,67,15,70,0,10.963333333333335,0.224724226199994,6,0.20087528436609003,S2
16,93,17,68,15,70,0,10.543333333333335,0.22475303951999304,6,0.583960772893356,S2
16,71,16,47,15,48,4,9.58,0.22608265853999487,6,0.6820431502117832,S2
16,70,17,45,15,47,4,9.446666666666667,0.22723360961999456,7,0.8714248027689866,S2
16,70,17,45,16,46,4,9.406666666666668,0.2284029403799964,7,inf,S2
16,94,15,71,16,70,0,10.596666666666668,0.2251470054599938,7,0.12857519723101346,S2
16,95,15,72,17,70,0,10.703333333333335,0.22492589312999367,7,inf,S2
16,95,16,71,15,72,0,10.563333333333333,0.22544460335999236,7,0.7434987716204332,S2
16,63,15,40,15,40,2,9.469999999999999,0.22790264606999325,8,inf,S2
16,63,15,40,15,40,3,9.860000000000001,0.2272908174299935,8,0.6406670601048461,S2
16,85,16,61,17,60,0,11.45,0.22538718230999416,8,inf,S2
16,93,16,69,16,69,2,11.273333333333333,0.226970516549993,8,0.7799016642272287,S2
16,63,15,40,16,39,2,9.693333333333333,0.2284604587499941,9,0.4938637706433532,S2
16,72,19,45,15,49,4,9.673333333333334,0.22931157248999448,9,inf,S2
16,71,17,46,15,48,4,9.906666666666666,0.2274658859099954,9,0.7971472642882451,S2
16,84,15,61,15,61,0,11.433333333333334,0.22715325788999483,9,inf,S2
16,71,15,48,16,47,5,9.753333333333334,0.2290469566499938,10,inf,S2
16,94,16,70,15,71,1,11.416666666666666,0.22812983810999318,10,0.2716948317361552,S2
16,93,17,68,16,69,2,11.370000000000001,0.2285058420299923,10,0.4177514145759555,S2
16,71,18,45,15,48,4,10.16,0.22856036429999388,10,0.5340156670726548,S2
16,84,15,61,15,61,1,11.83,0.2271780807899949,10,inf,S2
16,84,15,61,16,60,0,11.616666666666667,0.2277122994599947,10,0.35415209749560894,S2
16,86,15,63,15,63,0,12.086666666666666,0.2272886570099938,11,inf,S2
16,63,16,39,15,40,2,9.85,0.23097022136999398,11,inf,S2
16,93,15,70,19,66,1,11.246666666666666,0.22889621615999375,11,0.358727955655395,S2
16,94,15,71,15,71,0,11.71,0.22815834458999376,11,0.34555583622488095,S2
16,68,15,45,15,45,3,10.610000000000001,0.2289890992799961,11,0.22548149569315923,S2
